{"mean": 2014.1801975701146, "median": 2017.0, "std": 8.819312130833966, "min": 1925.0, "max": 2021.0}